<?xml version="1.0" encoding="UTF-8" standalone="yes"?>
<instructions>
    <downloadInstruction>
        <downloadUrl>https://www.mathworks.com/supportfiles/nnet/data/vgg16.tar.gz</downloadUrl>
        <archive>vgg16.tar.gz</archive>
    </downloadInstruction>
    <installInstructions xmlns:xsi="http://www.w3.org/2001/XMLSchema-instance" xsi:type="ExtractInstruction">
        <archiveType>GZIPPED_TAR_ARCHIVE</archiveType>
        <archiveName>$IS_DOWNLOADED_FILE</archiveName>
    </installInstructions>
    <displayName>Neural Network Toolbox Model for VGG-16 Network</displayName>
    <licenseUrl>https://creativecommons.org/licenses/by/4.0/</licenseUrl>
    <checksum>6be7204190d0e71c2e8862e7877ce33a</checksum>
</instructions>
